;trial_number;first_item;second_item;congruent;direction;start;end;trial_id;result;valid;reason;duration
0;0;speech;tablet;False;left;2024-03-20 10:51:30.531568289;2024-03-20 10:51:34.534154653;0;False;False;overtime;1970-01-01 00:00:04.000498295
1;1;speech;gesture;True;left;2024-03-20 10:51:39.200758696;2024-03-20 10:51:43.204579592;1;False;False;overtime;1970-01-01 00:00:04.000799894
2;2;speech;tablet;True;right;2024-03-20 10:51:47.879491568;2024-03-20 10:51:51.881254196;2;False;False;overtime;1970-01-01 00:00:04.000399113
3;3;speech;tablet;True;left;2024-03-20 10:51:56.542651415;2024-03-20 10:52:00.544464111;3;False;False;overtime;1970-01-01 00:00:04.000813007
4;4;speech;gesture;True;right;2024-03-20 10:52:05.211804390;2024-03-20 10:52:09.213933229;4;False;False;overtime;1970-01-01 00:00:04.000364542
5;5;speech;tablet;True;left;2024-03-20 10:52:13.871412039;2024-03-20 10:52:17.873089314;5;False;False;overtime;1970-01-01 00:00:04.000120401
6;6;tablet;gesture;True;right;2024-03-20 10:52:22.555300713;2024-03-20 10:52:26.557973385;6;False;False;overtime;1970-01-01 00:00:04.001157522
7;7;speech;tablet;False;left;2024-03-20 10:52:31.232009649;2024-03-20 10:52:35.233078003;7;False;False;overtime;1970-01-01 00:00:04.000037670
8;8;speech;gesture;True;right;2024-03-20 10:52:39.895327806;2024-03-20 10:52:43.898016691;8;False;False;overtime;1970-01-01 00:00:04.000613451
9;9;speech;tablet;False;right;2024-03-20 10:52:48.560596228;2024-03-20 10:52:52.562155247;9;False;False;overtime;1970-01-01 00:00:04.000473022
10;10;speech;gesture;True;left;2024-03-20 10:52:57.227408886;2024-03-20 10:53:01.229301453;10;False;False;overtime;1970-01-01 00:00:04.000299692
11;11;speech;gesture;False;left;2024-03-20 10:53:05.910568953;2024-03-20 10:53:09.911868572;11;False;False;overtime;1970-01-01 00:00:04.000253201
12;12;tablet;gesture;True;left;2024-03-20 10:53:14.598110437;2024-03-20 10:53:18.599326611;12;False;False;overtime;1970-01-01 00:00:04.000137329
13;13;speech;gesture;False;left;2024-03-20 10:53:23.253174305;2024-03-20 10:53:27.255780458;13;False;False;overtime;1970-01-01 00:00:04.000826597
14;14;tablet;gesture;True;right;2024-03-20 10:53:31.940642834;2024-03-20 10:53:35.942132473;14;False;False;overtime;1970-01-01 00:00:04.000363827
15;15;speech;tablet;True;right;2024-03-20 10:53:40.617421865;2024-03-20 10:53:44.619209290;15;False;False;overtime;1970-01-01 00:00:04.000523090
16;16;speech;gesture;False;right;2024-03-20 10:53:49.336543083;2024-03-20 10:53:53.338350773;16;False;False;overtime;1970-01-01 00:00:04.000511408
17;17;speech;gesture;False;right;2024-03-20 10:53:58.009072304;2024-03-20 10:54:02.010852098;17;False;False;overtime;1970-01-01 00:00:04.000499486
18;18;tablet;gesture;False;left;2024-03-20 10:54:06.697772741;2024-03-20 10:54:10.699283361;18;False;False;overtime;1970-01-01 00:00:04.000259638
19;19;tablet;gesture;False;right;2024-03-20 10:54:15.383156538;2024-03-20 10:54:19.384827614;19;False;False;overtime;1970-01-01 00:00:04.000844717
20;20;tablet;gesture;False;right;2024-03-20 10:54:24.072388649;2024-03-20 10:54:28.074149847;20;False;False;overtime;1970-01-01 00:00:04.000757456
21;21;tablet;gesture;False;left;2024-03-20 10:54:32.755014896;2024-03-20 10:54:36.757193565;21;False;False;overtime;1970-01-01 00:00:04.001064301
22;22;tablet;gesture;True;left;2024-03-20 10:54:41.447109461;2024-03-20 10:54:45.448759079;22;False;False;overtime;1970-01-01 00:00:04.000654221
23;23;speech;tablet;False;right;2024-03-20 10:54:50.116461277;2024-03-20 10:54:54.118565798;23;False;False;overtime;1970-01-01 00:00:04.000445604
24;0;speech;tablet;False;right;2024-03-20 10:55:12.453248024;2024-03-20 10:55:16.455297709;0;False;False;overtime;1970-01-01 00:00:04.000568151
25;1;speech;tablet;False;left;2024-03-20 10:55:21.111661911;2024-03-20 10:55:25.113532305;1;False;False;overtime;1970-01-01 00:00:04.000501156
26;2;speech;tablet;True;right;2024-03-20 10:55:29.780827761;2024-03-20 10:55:33.782384872;2;False;False;overtime;1970-01-01 00:00:04.000191927
27;3;speech;tablet;True;left;2024-03-20 10:55:38.442188025;2024-03-20 10:55:42.443775654;3;False;False;overtime;1970-01-01 00:00:04.000177860
28;4;speech;gesture;True;right;2024-03-20 10:55:47.111568928;2024-03-20 10:55:51.114306211;4;False;False;overtime;1970-01-01 00:00:04.000983953
29;5;tablet;gesture;False;right;2024-03-20 10:55:55.791309118;2024-03-20 10:55:59.794106007;5;False;False;overtime;1970-01-01 00:00:04.000810146
30;6;speech;gesture;True;right;2024-03-20 10:56:04.461652279;2024-03-20 10:56:08.463441372;6;False;False;overtime;1970-01-01 00:00:04.000647783
31;7;tablet;gesture;False;right;2024-03-20 10:56:13.202862024;2024-03-20 10:56:17.233980179;7;False;False;overtime;1970-01-01 00:00:04.001135111
32;8;speech;tablet;False;right;2024-03-20 10:56:21.898542881;2024-03-20 10:56:25.900227547;8;False;False;overtime;1970-01-01 00:00:04.000872135
33;9;tablet;gesture;False;left;2024-03-20 10:56:30.589139223;2024-03-20 10:56:34.591028690;9;False;False;overtime;1970-01-01 00:00:04.000560522
34;10;speech;gesture;False;right;2024-03-20 10:56:39.253150225;2024-03-20 10:56:43.255361318;10;False;False;overtime;1970-01-01 00:00:04.000744343
35;11;speech;tablet;True;right;2024-03-20 10:56:47.921738148;2024-03-20 10:56:51.923429728;11;False;False;overtime;1970-01-01 00:00:04.000665903
36;12;speech;gesture;True;left;2024-03-20 10:56:56.596877098;2024-03-20 10:57:00.599900246;12;False;False;overtime;1970-01-01 00:00:04.001079559
37;13;speech;tablet;False;left;2024-03-20 10:57:05.262794495;2024-03-20 10:57:09.264058828;13;False;False;overtime;1970-01-01 00:00:04.000363827
38;14;speech;gesture;False;left;2024-03-20 10:57:13.933689594;2024-03-20 10:57:17.935689449;14;False;False;overtime;1970-01-01 00:00:04.001014233
39;15;tablet;gesture;False;left;2024-03-20 10:57:22.631391525;2024-03-20 10:57:26.633880138;15;False;False;overtime;1970-01-01 00:00:04.000945091
40;16;tablet;gesture;True;left;2024-03-20 10:57:31.336958647;2024-03-20 10:57:35.338967323;16;False;False;overtime;1970-01-01 00:00:04.000630379
41;17;tablet;gesture;True;left;2024-03-20 10:57:40.026902437;2024-03-20 10:57:44.027918577;17;False;False;overtime;1970-01-01 00:00:04.000353098
42;18;tablet;gesture;True;right;2024-03-20 10:57:48.715685606;2024-03-20 10:57:52.716882467;18;False;False;overtime;1970-01-01 00:00:04.000146389
43;19;speech;gesture;True;left;2024-03-20 10:57:57.389805555;2024-03-20 10:58:01.391398430;19;False;False;overtime;1970-01-01 00:00:04.000023127
44;20;tablet;gesture;True;right;2024-03-20 10:58:06.076572180;2024-03-20 10:58:10.079328537;20;False;False;overtime;1970-01-01 00:00:04.001132965
45;21;speech;gesture;False;left;2024-03-20 10:58:14.739173174;2024-03-20 10:58:18.741282463;21;False;False;overtime;1970-01-01 00:00:04.000197649
46;22;speech;gesture;False;right;2024-03-20 10:58:23.412030220;2024-03-20 10:58:27.413554907;22;False;False;overtime;1970-01-01 00:00:04.000102758
47;23;speech;tablet;True;left;2024-03-20 10:58:32.068309307;2024-03-20 10:58:36.070981741;23;False;False;overtime;1970-01-01 00:00:04.000596046
48;0;speech;tablet;True;left;2024-03-20 10:59:04.300280809;2024-03-20 10:59:08.303135157;0;False;False;overtime;1970-01-01 00:00:04.000726461
49;1;tablet;gesture;False;right;2024-03-20 10:59:12.993889332;2024-03-20 10:59:16.995873451;1;False;False;overtime;1970-01-01 00:00:04.000674009
50;2;tablet;gesture;True;right;2024-03-20 10:59:21.690660238;2024-03-20 10:59:25.692670345;2;False;False;overtime;1970-01-01 00:00:04.001035689
51;3;speech;tablet;True;left;2024-03-20 10:59:30.366462708;2024-03-20 10:59:34.368182421;3;False;False;overtime;1970-01-01 00:00:04.000551224
52;4;speech;tablet;True;right;2024-03-20 10:59:39.041502237;2024-03-20 10:59:43.044950247;4;False;False;overtime;1970-01-01 00:00:04.000070095
53;5;speech;gesture;False;left;2024-03-20 10:59:47.711881638;2024-03-20 10:59:51.715245008;5;False;False;overtime;1970-01-01 00:00:04.000681400
54;6;tablet;gesture;False;right;2024-03-20 10:59:56.393332243;2024-03-20 11:00:00.395235777;6;False;False;overtime;1970-01-01 00:00:04.000644922
55;7;speech;tablet;False;left;2024-03-20 11:00:05.063451289;2024-03-20 11:00:09.065729618;7;False;False;overtime;1970-01-01 00:00:04.001050949
56;8;tablet;gesture;True;left;2024-03-20 11:00:13.748800516;2024-03-20 11:00:17.750280380;8;False;False;overtime;1970-01-01 00:00:04.000128269
57;9;tablet;gesture;True;left;2024-03-20 11:00:22.459220171;2024-03-20 11:00:26.463316441;9;False;False;overtime;1970-01-01 00:00:04.001178741
58;10;speech;gesture;False;right;2024-03-20 11:00:31.127375840;2024-03-20 11:00:35.130047321;10;False;False;overtime;1970-01-01 00:00:04.000203609
59;11;speech;gesture;True;right;2024-03-20 11:00:39.795929432;2024-03-20 11:00:43.800156832;11;False;False;overtime;1970-01-01 00:00:04.000149012
60;12;speech;gesture;True;left;2024-03-20 11:00:48.456092358;2024-03-20 11:00:52.458262444;12;False;False;overtime;1970-01-01 00:00:04.000742674
61;13;speech;tablet;True;right;2024-03-20 11:00:57.119674206;2024-03-20 11:01:01.123215199;13;False;False;overtime;1970-01-01 00:00:04.001211643
62;14;speech;tablet;False;left;2024-03-20 11:01:05.779609680;2024-03-20 11:01:09.781482458;14;False;False;overtime;1970-01-01 00:00:04.000155687
63;15;speech;tablet;False;right;2024-03-20 11:01:14.450715542;2024-03-20 11:01:18.452572823;15;False;False;overtime;1970-01-01 00:00:04.001060724
64;16;speech;gesture;True;left;2024-03-20 11:01:23.115334988;2024-03-20 11:01:27.117221117;16;False;False;overtime;1970-01-01 00:00:04.000140667
65;17;tablet;gesture;False;left;2024-03-20 11:01:31.812430382;2024-03-20 11:01:35.814794540;17;False;False;overtime;1970-01-01 00:00:04.001043319
66;18;tablet;gesture;True;right;2024-03-20 11:01:40.513957262;2024-03-20 11:01:44.515798092;18;False;False;overtime;1970-01-01 00:00:04.000593662
67;19;speech;gesture;False;left;2024-03-20 11:01:49.177924633;2024-03-20 11:01:53.179559469;19;False;False;overtime;1970-01-01 00:00:04.000085354
68;20;speech;gesture;False;right;2024-03-20 11:01:57.848362923;2024-03-20 11:02:01.851345301;20;False;False;overtime;1970-01-01 00:00:04.000562906
69;21;speech;tablet;False;right;2024-03-20 11:02:06.520982742;2024-03-20 11:02:10.523168086;21;False;False;overtime;1970-01-01 00:00:04.000844717
70;22;tablet;gesture;False;left;2024-03-20 11:02:15.210406542;2024-03-20 11:02:19.211615086;22;False;False;overtime;1970-01-01 00:00:04.000233412
71;23;speech;gesture;True;right;2024-03-20 11:02:23.867704868;2024-03-20 11:02:27.870069981;23;False;False;overtime;1970-01-01 00:00:04.000560522
72;0;speech;tablet;False;left;2024-03-20 11:02:47.903658152;2024-03-20 11:02:51.905914545;0;False;False;overtime;1970-01-01 00:00:04.000483990
73;1;speech;gesture;False;right;2024-03-20 11:02:56.573491812;2024-03-20 11:03:00.575785875;1;False;False;overtime;1970-01-01 00:00:04.000656843
74;2;speech;tablet;True;left;2024-03-20 11:03:05.246724129;2024-03-20 11:03:09.248892069;2;False;False;overtime;1970-01-01 00:00:04.000894308
75;3;speech;gesture;True;left;2024-03-20 11:03:13.925476551;2024-03-20 11:03:17.928221703;3;False;False;overtime;1970-01-01 00:00:04.000875711
76;4;tablet;gesture;True;right;2024-03-20 11:03:22.625944853;2024-03-20 11:03:26.626953363;4;False;False;overtime;1970-01-01 00:00:04.000136375
77;5;tablet;gesture;False;right;2024-03-20 11:03:31.300560951;2024-03-20 11:03:35.302736282;5;False;False;overtime;1970-01-01 00:00:04.000567436
78;6;speech;tablet;True;right;2024-03-20 11:03:39.983691692;2024-03-20 11:03:43.987278938;6;False;False;overtime;1970-01-01 00:00:04.000834465
79;7;tablet;gesture;False;left;2024-03-20 11:03:48.671103716;2024-03-20 11:03:52.673171520;7;False;False;overtime;1970-01-01 00:00:04.000904799
80;8;tablet;gesture;True;left;2024-03-20 11:03:57.362490892;2024-03-20 11:04:01.363724232;8;False;False;overtime;1970-01-01 00:00:04.000120878
81;9;speech;gesture;False;left;2024-03-20 11:04:06.024181843;2024-03-20 11:04:10.027446985;9;False;False;overtime;1970-01-01 00:00:04.000730753
82;10;speech;tablet;True;left;2024-03-20 11:04:14.693263054;2024-03-20 11:04:18.695686340;10;False;False;overtime;1970-01-01 00:00:04.000577211
83;11;speech;gesture;False;left;2024-03-20 11:04:23.368782759;2024-03-20 11:04:27.370459795;11;False;False;overtime;1970-01-01 00:00:04.000176668
84;12;speech;gesture;False;right;2024-03-20 11:04:32.031183243;2024-03-20 11:04:36.032268047;12;False;False;overtime;1970-01-01 00:00:04.000113726
85;13;tablet;gesture;True;left;2024-03-20 11:04:40.730961323;2024-03-20 11:04:44.733554363;13;False;False;overtime;1970-01-01 00:00:04.000977516
86;14;speech;tablet;False;right;2024-03-20 11:04:49.391501427;2024-03-20 11:04:53.393147945;14;False;False;overtime;1970-01-01 00:00:04.000343561
87;15;speech;tablet;True;right;2024-03-20 11:04:58.060914516;2024-03-20 11:05:02.063340187;15;False;False;overtime;1970-01-01 00:00:04.001113892
88;16;speech;tablet;False;left;2024-03-20 11:05:06.758264303;2024-03-20 11:05:10.760025024;16;False;False;overtime;1970-01-01 00:00:04.000467539
89;17;speech;gesture;True;right;2024-03-20 11:05:15.432916164;2024-03-20 11:05:19.434807539;17;False;False;overtime;1970-01-01 00:00:04.000812054
90;18;tablet;gesture;False;right;2024-03-20 11:05:24.116357088;2024-03-20 11:05:28.118702888;18;False;False;overtime;1970-01-01 00:00:04.001082659
91;19;speech;gesture;True;left;2024-03-20 11:05:32.781993151;2024-03-20 11:05:36.784368992;19;False;False;overtime;1970-01-01 00:00:04.000906467
92;20;tablet;gesture;False;left;2024-03-20 11:05:41.495004654;2024-03-20 11:05:45.497499228;20;False;False;overtime;1970-01-01 00:00:04.001215219
93;21;speech;gesture;True;right;2024-03-20 11:05:50.175421953;2024-03-20 11:05:54.177772999;21;False;False;overtime;1970-01-01 00:00:04.000705957
94;22;speech;tablet;False;right;2024-03-20 11:05:58.838712215;2024-03-20 11:06:02.841536760;22;False;False;overtime;1970-01-01 00:00:04.000954866
95;23;tablet;gesture;True;right;2024-03-20 11:06:07.526509047;2024-03-20 11:06:11.527898788;23;False;False;overtime;1970-01-01 00:00:04.000443459
96;0;speech;tablet;True;left;2024-03-20 11:06:33.590675354;2024-03-20 11:06:37.592662334;0;False;False;overtime;1970-01-01 00:00:04.001018524
97;1;speech;gesture;False;left;2024-03-20 11:06:42.264113188;2024-03-20 11:06:46.269739151;1;False;False;overtime;1970-01-01 00:00:04.001118422
98;2;tablet;gesture;False;left;2024-03-20 11:06:50.972009897;2024-03-20 11:06:54.974485397;2;False;False;overtime;1970-01-01 00:00:04.000907421
99;3;tablet;gesture;True;left;2024-03-20 11:06:59.663384676;2024-03-20 11:07:03.665701151;3;False;False;overtime;1970-01-01 00:00:04.000899792
100;4;speech;tablet;False;right;2024-03-20 11:07:08.322888374;2024-03-20 11:07:12.325241327;4;False;False;overtime;1970-01-01 00:00:04.001010656
101;5;speech;tablet;True;right;2024-03-20 11:07:16.990501642;2024-03-20 11:07:20.992383003;5;False;False;overtime;1970-01-01 00:00:04.000625372
102;6;tablet;gesture;True;right;2024-03-20 11:07:25.675461769;2024-03-20 11:07:29.677311659;6;False;False;overtime;1970-01-01 00:00:04.000813961
103;7;speech;tablet;False;left;2024-03-20 11:07:34.359860897;2024-03-20 11:07:38.362962008;7;False;False;overtime;1970-01-01 00:00:04.000807762
104;8;speech;tablet;True;left;2024-03-20 11:07:43.018820763;2024-03-20 11:07:47.020264387;8;False;False;overtime;1970-01-01 00:00:04.000762939
105;9;speech;gesture;True;right;2024-03-20 11:07:51.684988499;2024-03-20 11:07:55.687978506;9;False;False;overtime;1970-01-01 00:00:04.000592947
106;10;speech;tablet;False;left;2024-03-20 11:08:00.362145901;2024-03-20 11:08:04.363314390;10;False;False;overtime;1970-01-01 00:00:04.000052452
107;11;speech;gesture;True;left;2024-03-20 11:08:09.029052973;2024-03-20 11:08:13.031824827;11;False;False;overtime;1970-01-01 00:00:04.001058578
108;12;speech;tablet;True;right;2024-03-20 11:08:17.704446316;2024-03-20 11:08:21.705854177;12;False;False;overtime;1970-01-01 00:00:04.000172138
109;13;tablet;gesture;True;left;2024-03-20 11:08:26.390028715;2024-03-20 11:08:30.391491175;13;False;False;overtime;1970-01-01 00:00:04.000193596
110;14;speech;gesture;False;right;2024-03-20 11:08:35.045727015;2024-03-20 11:08:39.047355890;14;False;False;overtime;1970-01-01 00:00:04.000288963
111;15;tablet;gesture;True;right;2024-03-20 11:08:43.742011070;2024-03-20 11:08:47.743570328;15;False;False;overtime;1970-01-01 00:00:04.000496626
112;16;tablet;gesture;False;right;2024-03-20 11:08:52.430793285;2024-03-20 11:08:56.431604385;16;False;False;overtime;1970-01-01 00:00:04.000092030
113;17;tablet;gesture;False;left;2024-03-20 11:09:01.121967316;2024-03-20 11:09:05.123199463;17;False;False;overtime;1970-01-01 00:00:04.000279188
114;18;speech;gesture;True;right;2024-03-20 11:09:09.787236929;2024-03-20 11:09:13.789597273;18;False;False;overtime;1970-01-01 00:00:04.000900030
115;19;speech;gesture;False;right;2024-03-20 11:09:18.453378677;2024-03-20 11:09:22.455519915;19;False;False;overtime;1970-01-01 00:00:04.001010894
116;20;tablet;gesture;False;right;2024-03-20 11:09:27.147603512;2024-03-20 11:09:31.148805618;20;False;False;overtime;1970-01-01 00:00:04.000096798
117;21;speech;gesture;False;left;2024-03-20 11:09:35.832855463;2024-03-20 11:09:39.835197449;21;False;False;overtime;1970-01-01 00:00:04.000864744
118;22;speech;tablet;False;right;2024-03-20 11:09:44.496668339;2024-03-20 11:09:48.499071836;22;False;False;overtime;1970-01-01 00:00:04.001142263
119;23;speech;gesture;True;left;2024-03-20 11:09:53.161776066;2024-03-20 11:09:57.163225651;23;False;False;overtime;1970-01-01 00:00:04.000208378
120;0;speech;tablet;False;left;2024-03-20 11:10:25.134450436;2024-03-20 11:10:29.135554075;0;False;False;overtime;1970-01-01 00:00:04.000060797
121;1;tablet;gesture;False;left;2024-03-20 11:10:33.827748060;2024-03-20 11:10:37.829404354;1;False;False;overtime;1970-01-01 00:00:04.000166893
122;2;speech;gesture;True;right;2024-03-20 11:10:42.492025375;2024-03-20 11:10:46.496307373;2;False;False;overtime;1970-01-01 00:00:04.000937700
123;3;tablet;gesture;False;right;2024-03-20 11:10:51.185421705;2024-03-20 11:10:55.186714411;3;False;False;overtime;1970-01-01 00:00:04.000073433
124;4;speech;gesture;True;left;2024-03-20 11:10:59.859924078;2024-03-20 11:11:03.862785101;4;False;False;overtime;1970-01-01 00:00:04.000915289
125;5;speech;gesture;False;right;2024-03-20 11:11:08.523219824;2024-03-20 11:11:12.524664640;5;False;False;overtime;1970-01-01 00:00:04.000395775
126;6;speech;tablet;True;right;2024-03-20 11:11:17.178506851;2024-03-20 11:11:21.180430174;6;False;False;overtime;1970-01-01 00:00:04.001071453
127;7;tablet;gesture;True;left;2024-03-20 11:11:25.862156630;2024-03-20 11:11:29.863661051;7;False;False;overtime;1970-01-01 00:00:04.000248909
128;8;tablet;gesture;True;right;2024-03-20 11:11:34.561324120;2024-03-20 11:11:38.563174486;8;False;False;overtime;1970-01-01 00:00:04.000522852
129;9;speech;gesture;True;right;2024-03-20 11:11:43.229595661;2024-03-20 11:11:47.232259750;9;False;False;overtime;1970-01-01 00:00:04.001053095
130;10;speech;tablet;True;left;2024-03-20 11:11:51.900027037;2024-03-20 11:11:55.901659966;10;False;False;overtime;1970-01-01 00:00:04.000003099
131;11;tablet;gesture;True;left;2024-03-20 11:12:00.696088314;2024-03-20 11:12:04.699039221;11;False;False;overtime;1970-01-01 00:00:04.000880003
132;12;speech;gesture;False;left;2024-03-20 11:12:09.372969151;2024-03-20 11:12:13.375407219;12;False;False;overtime;1970-01-01 00:00:04.000358820
133;13;speech;gesture;False;right;2024-03-20 11:12:18.048001766;2024-03-20 11:12:22.050195217;13;False;False;overtime;1970-01-01 00:00:04.001038551
134;14;speech;tablet;False;right;2024-03-20 11:12:26.702997208;2024-03-20 11:12:30.704715729;14;False;False;overtime;1970-01-01 00:00:04.000023365
135;15;speech;gesture;True;left;2024-03-20 11:12:35.377221107;2024-03-20 11:12:39.380493164;15;False;False;overtime;1970-01-01 00:00:04.000448465
136;16;speech;gesture;False;left;2024-03-20 11:12:44.046423912;2024-03-20 11:12:48.048531532;16;False;False;overtime;1970-01-01 00:00:04.000779629
137;17;tablet;gesture;True;right;2024-03-20 11:12:52.750047207;2024-03-20 11:12:56.751475096;17;False;False;overtime;1970-01-01 00:00:04.000311136
138;18;speech;tablet;False;left;2024-03-20 11:13:01.404240847;2024-03-20 11:13:05.406564951;18;False;False;overtime;1970-01-01 00:00:04.000938654
139;19;speech;tablet;True;right;2024-03-20 11:13:10.072308540;2024-03-20 11:13:14.074021816;19;False;False;overtime;1970-01-01 00:00:04.000020981
140;20;tablet;gesture;False;right;2024-03-20 11:13:18.760046244;2024-03-20 11:13:22.763271570;20;False;False;overtime;1970-01-01 00:00:04.000027895
141;21;speech;tablet;False;right;2024-03-20 11:13:27.417114735;2024-03-20 11:13:31.419456720;21;False;False;overtime;1970-01-01 00:00:04.000641108
142;22;speech;tablet;True;left;2024-03-20 11:13:36.102754354;2024-03-20 11:13:40.104719877;22;False;False;overtime;1970-01-01 00:00:04.001017094
143;23;tablet;gesture;False;left;2024-03-20 11:13:44.794652462;2024-03-20 11:13:48.795971632;23;False;False;overtime;1970-01-01 00:00:04.000356913
144;0;speech;gesture;False;right;2024-03-20 11:14:06.040769100;2024-03-20 11:14:10.043385506;0;False;False;overtime;1970-01-01 00:00:04.001118660
145;1;tablet;gesture;True;left;2024-03-20 11:14:14.732765436;2024-03-20 11:14:18.734390736;1;False;False;overtime;1970-01-01 00:00:04.000360012
146;2;speech;tablet;False;right;2024-03-20 11:14:23.396047354;2024-03-20 11:14:27.398190022;2;False;False;overtime;1970-01-01 00:00:04.000342369
147;3;tablet;gesture;True;right;2024-03-20 11:14:32.082140446;2024-03-20 11:14:36.084241390;3;False;False;overtime;1970-01-01 00:00:04.000719786
148;4;speech;gesture;True;left;2024-03-20 11:14:40.743757010;2024-03-20 11:14:44.746935129;4;False;False;overtime;1970-01-01 00:00:04.000993966
149;5;tablet;gesture;False;right;2024-03-20 11:14:49.429240227;2024-03-20 11:14:53.431499958;5;False;False;overtime;1970-01-01 00:00:04.000672102
150;6;speech;tablet;True;left;2024-03-20 11:14:58.103362560;2024-03-20 11:15:02.105814934;6;False;False;overtime;1970-01-01 00:00:04.000894070
151;7;tablet;gesture;True;left;2024-03-20 11:15:06.811804533;2024-03-20 11:15:10.813791513;7;False;False;overtime;1970-01-01 00:00:04.000430107
152;8;speech;tablet;False;left;2024-03-20 11:15:15.477248669;2024-03-20 11:15:19.478941679;8;False;False;overtime;1970-01-01 00:00:04.000040770
153;9;speech;gesture;True;left;2024-03-20 11:15:24.153429508;2024-03-20 11:15:28.155248642;9;False;False;overtime;1970-01-01 00:00:04.000381231
154;10;speech;tablet;False;left;2024-03-20 11:15:32.838988066;2024-03-20 11:15:36.841980934;10;False;False;overtime;1970-01-01 00:00:04.001110077
155;11;speech;gesture;True;right;2024-03-20 11:15:41.508843660;2024-03-20 11:15:45.510758638;11;False;False;overtime;1970-01-01 00:00:04.000031948
156;12;speech;tablet;True;right;2024-03-20 11:15:50.176948547;2024-03-20 11:15:54.179488420;12;False;False;overtime;1970-01-01 00:00:04.001042366
157;13;tablet;gesture;False;left;2024-03-20 11:15:58.865643024;2024-03-20 11:16:02.867744207;13;False;False;overtime;1970-01-01 00:00:04.000976086
158;14;speech;tablet;True;right;2024-03-20 11:16:07.538524866;2024-03-20 11:16:11.541151047;14;False;False;overtime;1970-01-01 00:00:04.001138926
159;15;tablet;gesture;False;left;2024-03-20 11:16:16.226260424;2024-03-20 11:16:20.227923393;15;False;False;overtime;1970-01-01 00:00:04.000545263
160;16;speech;gesture;False;right;2024-03-20 11:16:24.890569210;2024-03-20 11:16:28.892727375;16;False;False;overtime;1970-01-01 00:00:04.001142502
161;17;tablet;gesture;False;right;2024-03-20 11:16:33.579720974;2024-03-20 11:16:37.581472397;17;False;False;overtime;1970-01-01 00:00:04.000473022
162;18;speech;gesture;False;left;2024-03-20 11:16:42.250918150;2024-03-20 11:16:46.253067255;18;False;False;overtime;1970-01-01 00:00:04.000554323
163;19;speech;tablet;False;right;2024-03-20 11:16:51.076036453;2024-03-20 11:16:55.078257084;19;False;False;overtime;1970-01-01 00:00:04.000080585
164;20;tablet;gesture;True;right;2024-03-20 11:16:59.767075300;2024-03-20 11:17:03.768511295;20;False;False;overtime;1970-01-01 00:00:04.000364065
165;21;speech;gesture;True;right;2024-03-20 11:17:08.432320833;2024-03-20 11:17:12.434251785;21;False;False;overtime;1970-01-01 00:00:04.000051260
166;22;speech;tablet;True;left;2024-03-20 11:17:17.102355003;2024-03-20 11:17:21.103649139;22;False;False;overtime;1970-01-01 00:00:04.000226021
167;23;speech;gesture;False;left;2024-03-20 11:17:25.765567064;2024-03-20 11:17:29.767747402;23;False;False;overtime;1970-01-01 00:00:04.000701904
168;0;tablet;gesture;False;left;2024-03-20 11:17:55.058163643;2024-03-20 11:17:59.059823513;0;False;False;overtime;1970-01-01 00:00:04.000782490
169;1;speech;gesture;False;right;2024-03-20 11:18:03.737231970;2024-03-20 11:18:07.739360094;1;False;False;overtime;1970-01-01 00:00:04.000724316
170;2;speech;gesture;False;left;2024-03-20 11:18:12.412053347;2024-03-20 11:18:16.415315151;2;False;False;overtime;1970-01-01 00:00:04.000585556
171;3;speech;gesture;True;left;2024-03-20 11:18:21.090855598;2024-03-20 11:18:25.092812777;3;False;False;overtime;1970-01-01 00:00:04.001136065
172;4;tablet;gesture;False;left;2024-03-20 11:18:29.781063318;2024-03-20 11:18:33.782989740;4;False;False;overtime;1970-01-01 00:00:04.000665188
173;5;speech;tablet;True;right;2024-03-20 11:18:38.442714453;2024-03-20 11:18:42.444694042;5;False;False;overtime;1970-01-01 00:00:04.001025438
174;6;speech;tablet;False;left;2024-03-20 11:18:47.113525152;2024-03-20 11:18:51.116289854;6;False;False;overtime;1970-01-01 00:00:04.001038551
175;7;speech;gesture;False;right;2024-03-20 11:18:55.773369312;2024-03-20 11:18:59.776005745;7;False;False;overtime;1970-01-01 00:00:04.000865936
176;8;tablet;gesture;False;right;2024-03-20 11:19:04.468782187;2024-03-20 11:19:08.470344305;8;False;False;overtime;1970-01-01 00:00:04.000468493
177;9;speech;tablet;False;right;2024-03-20 11:19:13.240108252;2024-03-20 11:19:17.243080378;9;False;False;overtime;1970-01-01 00:00:04.001150608
178;10;tablet;gesture;True;left;2024-03-20 11:19:21.939097881;2024-03-20 11:19:25.941202402;10;False;False;overtime;1970-01-01 00:00:04.000652790
179;11;speech;gesture;True;right;2024-03-20 11:19:30.603567123;2024-03-20 11:19:34.605146885;11;False;False;overtime;1970-01-01 00:00:04.000490665
180;12;speech;gesture;False;left;2024-03-20 11:19:39.287428379;2024-03-20 11:19:43.289890528;12;False;False;overtime;1970-01-01 00:00:04.001179457
181;13;speech;tablet;True;left;2024-03-20 11:19:47.946863174;2024-03-20 11:19:51.949018955;13;False;False;overtime;1970-01-01 00:00:04.001068830
182;14;speech;tablet;False;right;2024-03-20 11:19:56.615986347;2024-03-20 11:20:00.618223667;14;False;False;overtime;1970-01-01 00:00:04.000331402
183;15;speech;tablet;False;left;2024-03-20 11:20:05.294508219;2024-03-20 11:20:09.295663595;15;False;False;overtime;1970-01-01 00:00:04.000109196
184;16;tablet;gesture;True;right;2024-03-20 11:20:13.979592085;2024-03-20 11:20:17.981857300;16;False;False;overtime;1970-01-01 00:00:04.001174212
185;17;tablet;gesture;True;left;2024-03-20 11:20:22.952210665;2024-03-20 11:20:26.954228878;17;False;False;overtime;1970-01-01 00:00:04.000291824
186;18;tablet;gesture;True;right;2024-03-20 11:20:31.663410425;2024-03-20 11:20:35.665674925;18;False;False;overtime;1970-01-01 00:00:04.000458956
187;19;speech;tablet;True;right;2024-03-20 11:20:40.338876963;2024-03-20 11:20:44.339938879;19;False;False;overtime;1970-01-01 00:00:04.000359058
188;20;tablet;gesture;False;right;2024-03-20 11:20:49.028460264;2024-03-20 11:20:53.030204535;20;False;False;overtime;1970-01-01 00:00:04.000882387
189;21;speech;gesture;True;right;2024-03-20 11:20:57.692333937;2024-03-20 11:21:01.695479631;21;False;False;overtime;1970-01-01 00:00:04.001183510
190;22;speech;gesture;True;left;2024-03-20 11:21:06.359408617;2024-03-20 11:21:10.361224413;22;False;False;overtime;1970-01-01 00:00:04.000277758
191;23;speech;tablet;True;left;2024-03-20 11:21:15.028102398;2024-03-20 11:21:19.030217886;23;False;False;overtime;1970-01-01 00:00:04.000713587
192;0;tablet;gesture;False;right;2024-03-20 11:21:46.407068014;2024-03-20 11:21:50.409399271;0;False;False;overtime;1970-01-01 00:00:04.001015902
193;1;tablet;gesture;False;right;2024-03-20 11:21:55.109335184;2024-03-20 11:21:59.111178398;1;False;False;overtime;1970-01-01 00:00:04.001002789
194;2;speech;tablet;True;left;2024-03-20 11:22:03.768461466;2024-03-20 11:22:07.770177126;2;False;False;overtime;1970-01-01 00:00:04.000576735
195;3;speech;gesture;False;right;2024-03-20 11:22:12.442834377;2024-03-20 11:22:16.444837570;3;False;False;overtime;1970-01-01 00:00:04.001126051
196;4;speech;gesture;True;left;2024-03-20 11:22:21.119029522;2024-03-20 11:22:25.120605230;4;False;False;overtime;1970-01-01 00:00:04.000225782
197;5;tablet;gesture;True;right;2024-03-20 11:22:29.803816557;2024-03-20 11:22:33.805615187;5;False;False;overtime;1970-01-01 00:00:04.000090599
198;6;speech;gesture;True;right;2024-03-20 11:22:38.479580879;2024-03-20 11:22:42.481506586;6;False;False;overtime;1970-01-01 00:00:04.000336885
199;7;speech;tablet;True;left;2024-03-20 11:22:47.144563913;2024-03-20 11:22:51.147283316;7;False;False;overtime;1970-01-01 00:00:04.000653505
200;8;speech;gesture;True;right;2024-03-20 11:22:55.806905031;2024-03-20 11:22:59.809324980;8;False;False;overtime;1970-01-01 00:00:04.000828505
201;9;speech;tablet;False;left;2024-03-20 11:23:04.468630075;2024-03-20 11:23:08.471352577;9;False;False;overtime;1970-01-01 00:00:04.001178503
202;10;tablet;gesture;True;left;2024-03-20 11:23:13.164188862;2024-03-20 11:23:17.165609837;10;False;False;overtime;1970-01-01 00:00:04.000387430
203;11;speech;tablet;False;left;2024-03-20 11:23:21.826741934;2024-03-20 11:23:25.829138279;11;False;False;overtime;1970-01-01 00:00:04.000812769
204;12;tablet;gesture;False;left;2024-03-20 11:23:30.515320538;2024-03-20 11:23:34.517117976;12;False;False;overtime;1970-01-01 00:00:04.000568151
205;13;speech;gesture;True;left;2024-03-20 11:23:39.184868813;2024-03-20 11:23:43.186916590;13;False;False;overtime;1970-01-01 00:00:04.000474691
206;14;speech;tablet;True;right;2024-03-20 11:23:47.847813368;2024-03-20 11:23:51.850309610;14;False;False;overtime;1970-01-01 00:00:04.000649452
207;15;speech;tablet;True;right;2024-03-20 11:23:56.517760277;2024-03-20 11:24:00.519279242;15;False;False;overtime;1970-01-01 00:00:04.000212669
208;16;speech;gesture;False;right;2024-03-20 11:24:05.176424265;2024-03-20 11:24:09.178556681;16;False;False;overtime;1970-01-01 00:00:04.000716925
209;17;speech;tablet;False;right;2024-03-20 11:24:13.835892677;2024-03-20 11:24:17.839242458;17;False;False;overtime;1970-01-01 00:00:04.000025988
210;18;tablet;gesture;True;left;2024-03-20 11:24:22.533525229;2024-03-20 11:24:26.535185574;18;False;False;overtime;1970-01-01 00:00:04.000854969
211;19;speech;gesture;False;left;2024-03-20 11:24:31.193308115;2024-03-20 11:24:35.195345879;19;False;False;overtime;1970-01-01 00:00:04.000678062
212;20;tablet;gesture;False;left;2024-03-20 11:24:39.891811848;2024-03-20 11:24:43.892921448;20;False;False;overtime;1970-01-01 00:00:04.000039339
213;21;tablet;gesture;True;right;2024-03-20 11:24:48.577784061;2024-03-20 11:24:52.579375267;21;False;False;overtime;1970-01-01 00:00:04.000492572
214;22;speech;tablet;False;right;2024-03-20 11:24:57.250046967;2024-03-20 11:25:01.251671313;22;False;False;overtime;1970-01-01 00:00:04.000474930
215;23;speech;gesture;False;left;2024-03-20 11:25:05.911380291;2024-03-20 11:25:09.913759947;23;False;False;overtime;1970-01-01 00:00:04.000334501
216;0;speech;gesture;False;right;2024-03-20 11:25:31.405270576;2024-03-20 11:25:35.407956839;0;False;False;overtime;1970-01-01 00:00:04.000981331
217;1;tablet;gesture;True;left;2024-03-20 11:25:40.092857122;2024-03-20 11:25:44.095378637;1;False;False;overtime;1970-01-01 00:00:04.000852585
218;2;speech;tablet;False;left;2024-03-20 11:25:48.759454489;2024-03-20 11:25:52.762091637;2;False;False;overtime;1970-01-01 00:00:04.000873566
219;3;speech;tablet;True;left;2024-03-20 11:25:57.424023867;2024-03-20 11:26:01.426816702;3;False;False;overtime;1970-01-01 00:00:04.001194715
220;4;speech;tablet;False;right;2024-03-20 11:26:06.088052988;2024-03-20 11:26:10.090422153;4;False;False;overtime;1970-01-01 00:00:04.000831366
221;5;tablet;gesture;False;right;2024-03-20 11:26:14.776648283;2024-03-20 11:26:18.779033422;5;False;False;overtime;1970-01-01 00:00:04.000648499
222;6;speech;tablet;False;right;2024-03-20 11:26:23.442982435;2024-03-20 11:26:27.444539309;6;False;False;overtime;1970-01-01 00:00:04.000332355
223;7;tablet;gesture;False;left;2024-03-20 11:26:32.123673677;2024-03-20 11:26:36.125131368;7;False;False;overtime;1970-01-01 00:00:04.000302076
224;8;speech;gesture;False;right;2024-03-20 11:26:40.797804594;2024-03-20 11:26:44.799632788;8;False;False;overtime;1970-01-01 00:00:04.000858545
225;9;tablet;gesture;False;left;2024-03-20 11:26:49.488045454;2024-03-20 11:26:53.489793301;9;False;False;overtime;1970-01-01 00:00:04.000653505
226;10;speech;gesture;True;left;2024-03-20 11:26:58.160130501;2024-03-20 11:27:02.161528587;10;False;False;overtime;1970-01-01 00:00:04.000002146
227;11;tablet;gesture;True;left;2024-03-20 11:27:06.910425186;2024-03-20 11:27:10.911777020;11;False;False;overtime;1970-01-01 00:00:04.000627279
228;12;speech;gesture;False;left;2024-03-20 11:27:15.569490910;2024-03-20 11:27:19.571325302;12;False;False;overtime;1970-01-01 00:00:04.000270605
229;13;tablet;gesture;False;right;2024-03-20 11:27:24.257244348;2024-03-20 11:27:28.258692503;13;False;False;overtime;1970-01-01 00:00:04.000117064
230;14;tablet;gesture;True;right;2024-03-20 11:27:32.947123766;2024-03-20 11:27:36.948702812;14;False;False;overtime;1970-01-01 00:00:04.000083923
231;15;speech;tablet;True;left;2024-03-20 11:27:41.607882261;2024-03-20 11:27:45.609731674;15;False;False;overtime;1970-01-01 00:00:04.000112295
232;16;speech;gesture;True;left;2024-03-20 11:27:50.282979012;2024-03-20 11:27:54.284533739;16;False;False;overtime;1970-01-01 00:00:04.000087976
233;17;speech;gesture;True;right;2024-03-20 11:27:58.950678110;2024-03-20 11:28:02.952494144;17;False;False;overtime;1970-01-01 00:00:04.000818014
234;18;speech;tablet;False;left;2024-03-20 11:28:07.612599611;2024-03-20 11:28:11.614362478;18;False;False;overtime;1970-01-01 00:00:04.000446796
235;19;speech;gesture;False;left;2024-03-20 11:28:16.279052973;2024-03-20 11:28:20.281147242;19;False;False;overtime;1970-01-01 00:00:04.000114202
236;20;speech;tablet;True;right;2024-03-20 11:28:24.943881512;2024-03-20 11:28:28.946147680;20;False;False;overtime;1970-01-01 00:00:04.000669241
237;21;speech;tablet;True;right;2024-03-20 11:28:33.612517595;2024-03-20 11:28:37.614555836;21;False;False;overtime;1970-01-01 00:00:04.000777483
238;22;tablet;gesture;True;right;2024-03-20 11:28:42.301913738;2024-03-20 11:28:46.302717686;22;False;False;overtime;1970-01-01 00:00:04.000029564
239;23;speech;gesture;True;right;2024-03-20 11:28:50.974425077;2024-03-20 11:28:54.976659298;23;False;False;overtime;1970-01-01 00:00:04.000465631
