,ID,time,speech
0,000000,1710159854.3086874,
1,000001,1710159854.309027,
2,000002,1710159854.309334,
3,000003,1710159854.309613,
4,000004,1710159854.309735,
5,000005,1710159854.309934,
6,000006,1710159854.310078,
7,000007,1710159854.3102202,
8,000008,1710159854.3103676,
9,000009,1710159854.310493,
10,000010,1710159854.3106182,
11,000011,1710159854.3107448,
12,000012,1710159854.3108625,
13,000013,1710159854.310995,
14,000014,1710159854.311774,
15,000015,1710159854.3163977,
16,000016,1710159854.317984,
17,000017,1710159854.318129,
18,000018,1710159854.3183222,
19,000019,1710159854.318488,
20,000020,1710159854.3187444,
21,000021,1710159854.3188436,
22,000022,1710159854.3190112,
23,000023,1710159854.319138,
24,000024,1710159854.3193407,
25,000025,1710159854.3194566,
26,000026,1710159854.3202314,
27,000027,1710159854.321215,
28,000028,1710159854.3243866,
29,000029,1710159854.3269181,
30,000030,1710159854.3270562,
31,000031,1710159854.3271863,
32,000032,1710159854.3272986,
33,000033,1710159854.327414,
34,000034,1710159854.327539,
35,000035,1710159854.328059,
36,000036,1710159854.3525987,
37,000037,1710159854.4075334,
38,000038,1710159854.4710894,
39,000039,1710159854.5374925,
40,000040,1710159854.6230404,
41,000041,1710159854.7052138,
42,000042,1710159854.7737775,
43,000043,1710159854.8624175,
44,000044,1710159854.9403791,
45,000045,1710159855.0024455,
46,000046,1710159855.0823803,
47,000047,1710159855.1393898,
48,000048,1710159855.2094784,
49,000049,1710159855.2730198,
50,000050,1710159855.346244,
51,000051,1710159855.4041576,
52,000052,1710159855.4754763,
53,000053,1710159855.5373843,
54,000054,1710159855.6273224,
55,000055,1710159855.709205,
56,000056,1710159855.7704175,
57,000057,1710159855.8536115,
58,000058,1710159855.9421046,
59,000059,1710159856.0050387,
60,000060,1710159856.081163,
61,000061,1710159856.1397848,
62,000062,1710159856.200347,
63,000063,1710159856.2679365,
64,000064,1710159856.3440228,
65,000065,1710159856.4127562,
66,000066,1710159856.5250597,
67,000067,1710159856.6275208,
68,000068,1710159856.7176633,
69,000069,1710159856.805071,
70,000070,1710159856.9821513,
71,000071,1710159857.0507379,
72,000072,1710159857.1107628,
73,000073,1710159857.1777039,
74,000074,1710159857.2654274,
75,000075,1710159857.351903,
76,000076,1710159857.4087794,
77,000077,1710159857.4927008,
78,000078,1710159857.5733058,
79,000079,1710159857.6987793,
80,000080,1710159857.770953,
81,000081,1710159857.8420877,
82,000082,1710159857.9258265,
83,000083,1710159858.00954,
84,000084,1710159858.087551,
85,000085,1710159858.1721792,
86,000086,1710159858.2492716,
87,000087,1710159858.305472,
88,000088,1710159858.4162443,
89,000089,1710159858.481002,
90,000090,1710159858.5470653,
91,000091,1710159858.6036777,
92,000092,1710159858.6665215,
93,000093,1710159858.7363236,
94,000094,1710159858.805645,
95,000095,1710159858.9080667,
96,000096,1710159858.9834445,
97,000097,1710159859.0518336,
98,000098,1710159859.1074297,
99,000099,1710159859.185025,
100,000100,1710159859.2889078,
101,000101,1710159859.3753674,
102,000102,1710159859.4465823,
103,000103,1710159859.5440893,
104,000104,1710159859.617965,
105,000105,1710159859.6857233,
106,000106,1710159859.7690535,
107,000107,1710159859.83671,
108,000108,1710159859.897766,
109,000109,1710159859.965412,
110,000110,1710159860.0443308,
111,000111,1710159860.1036687,
112,000112,1710159860.1722984,
113,000113,1710159860.2388027,
114,000114,1710159860.3038874,
115,000115,1710159860.370047,
116,000116,1710159860.461579,
117,000117,1710159860.5386317,
118,000118,1710159860.6036491,
119,000119,1710159860.676027,
120,000120,1710159860.7348256,
121,000121,1710159860.8137438,
122,000122,1710159860.8983793,
123,000123,1710159860.9654737,
124,000124,1710159861.0374398,
125,000125,1710159861.111422,
126,000126,1710159861.1644356,
127,000127,1710159861.3146493,
128,000128,1710159861.4012766,
129,000129,1710159861.4674218,
130,000130,1710159861.537757,
131,000131,1710159861.6027417,
132,000132,1710159861.7976112,
133,000133,1710159861.8993776,
134,000134,1710159861.9689631,
135,000135,1710159862.047942,
136,000136,1710159862.1061454,
137,000137,1710159862.179024,
138,000138,1710159862.2371109,
139,000139,1710159862.3068004,
140,000140,1710159862.3766139,
141,000141,1710159862.4488537,
142,000142,1710159862.5143864,
143,000143,1710159862.5680254,
144,000144,1710159862.6709132,
145,000145,1710159862.735922,
146,000146,1710159862.8042214,
147,000147,1710159863.0237343,
148,000148,1710159863.1362839,
149,000149,1710159863.2105186,
150,000150,1710159863.2876985,
151,000151,1710159863.3783216,
152,000152,1710159863.4390507,
153,000153,1710159863.5144777,
154,000154,1710159863.5660071,
155,000155,1710159863.6680057,
156,000156,1710159863.7411783,
157,000157,1710159863.7948155,
158,000158,1710159863.8773117,
159,000159,1710159863.9331672,
160,000160,1710159864.0079327,
161,000161,1710159864.072998,
162,000162,1710159864.1951008,
163,000163,1710159864.2747602,
164,000164,1710159864.3468127,
165,000165,1710159864.4080951,
166,000166,1710159864.4929872,
167,000167,1710159864.5690534,
168,000168,1710159864.6444128,
169,000169,1710159864.7100155,
170,000170,1710159864.7744393,
171,000171,1710159864.841918,
172,000172,1710159864.9361095,
173,000173,1710159865.0006986,
174,000174,1710159865.0634484,
175,000175,1710159865.1716943,
176,000176,1710159865.2635791,
177,000177,1710159865.3350475,
178,000178,1710159865.4337163,
179,000179,1710159865.4995837,
180,000180,1710159865.5657508,
181,000181,1710159865.631973,
182,000182,1710159865.719191,
183,000183,1710159865.8027468,
184,000184,1710159865.867108,
185,000185,1710159865.9345086,
186,000186,1710159866.0037918,
187,000187,1710159866.0784738,
188,000188,1710159866.1791494,
189,000189,1710159866.2394323,
190,000190,1710159866.3105514,
191,000191,1710159866.368038,
192,000192,1710159866.4598453,
193,000193,1710159866.5353124,
194,000194,1710159866.6082757,
195,000195,1710159866.6639938,
196,000196,1710159866.7360086,
197,000197,1710159866.8056018,
198,000198,1710159866.9049132,
199,000199,1710159866.9807863,
200,000200,1710159867.028264,
201,000201,1710159867.1070812,
202,000202,1710159867.164498,
203,000203,1710159867.2503552,
204,000204,1710159867.3138297,
205,000205,1710159867.3654163,
206,000206,1710159867.435725,
207,000207,1710159867.5121577,
208,000208,1710159867.574735,
209,000209,1710159867.7352862,
210,000210,1710159867.816662,
211,000211,1710159867.906377,
212,000212,1710159867.9623058,
213,000213,1710159868.0439851,please look at my head camera
214,000214,1710159868.1062913,please look at my head camera
215,000215,1710159868.171955,please look at my head camera
216,000216,1710159868.2437835,please look at my head camera
217,000217,1710159868.3198016,please look at my head camera
218,000218,1710159868.4525545,please look at my head camera
219,000219,1710159868.5329714,please look at my head camera
220,000220,1710159868.6102018,please look at my head camera
221,000221,1710159868.706106,please look at my head camera
222,000222,1710159868.783703,please look at my head camera
223,000223,1710159868.8883438,please look at my head camera
224,000224,1710159868.9640262,please look at my head camera
225,000225,1710159869.0462766,please look at my head camera
226,000226,1710159869.1312954,please look at my head camera
227,000227,1710159869.1972432,please look at my head camera
228,000228,1710159869.373528,please look at my head camera
229,000229,1710159869.4505222,please look at my head camera
230,000230,1710159869.5374138,please look at my head camera
231,000231,1710159869.6093664,please look at my head camera
232,000232,1710159869.6856103,please look at my head camera
233,000233,1710159869.7691174,please look at my head camera
234,000234,1710159869.847306,please look at my head camera
235,000235,1710159869.9374201,please look at my head camera
236,000236,1710159870.0143507,please look at my head camera
237,000237,1710159870.0777736,please look at my head camera
238,000238,1710159870.1657321,please look at my head camera
239,000239,1710159870.2401066,please look at my head camera
240,000240,1710159870.3034594,please look at my head camera
241,000241,1710159870.382191,please look at my head camera
242,000242,1710159870.4697847,please look at my head camera
243,000243,1710159870.5304754,please look at my head camera
244,000244,1710159870.612266,please look at my head camera
245,000245,1710159870.6968555,please look at my head camera
246,000246,1710159870.7653441,please look at my head camera
247,000247,1710159870.8336864,please look at my head camera
248,000248,1710159870.9341538,please look at my head camera
249,000249,1710159870.9993103,please look at my head camera
250,000250,1710159871.068654,please look at my head camera
251,000251,1710159871.129711,please look at my head camera
252,000252,1710159871.20469,please look at my head camera
253,000253,1710159871.2714646,please look at my head camera
254,000254,1710159871.3311489,please look at my head camera
255,000255,1710159871.439797,please look at my head camera
256,000256,1710159871.5045714,please look at my head camera
257,000257,1710159871.5616257,please look at my head camera
258,000258,1710159871.634852,please look at my head camera
259,000259,1710159871.6962233,please look at my head camera
260,000260,1710159871.7648625,please look at my head camera
261,000261,1710159871.834149,please look at my head camera
262,000262,1710159871.9299424,please look at my head camera
263,000263,1710159871.992219,please look at my face
264,000264,1710159872.1374755,please look at my face
265,000265,1710159872.2362173,please look at my face
266,000266,1710159872.340253,please look at my face
267,000267,1710159872.428308,please look at my face
268,000268,1710159872.6490133,please look at my face
269,000269,1710159872.744238,please look at my face
270,000270,1710159872.8177307,please look at my face
271,000271,1710159872.9563031,please look at my face
272,000272,1710159873.037496,please look at my face
273,000273,1710159873.1295154,please look at my face
274,000274,1710159873.1954856,please look at my face
275,000275,1710159873.2684824,please look at my face
276,000276,1710159873.335401,please look at my face
277,000277,1710159873.398247,please look at my face
278,000278,1710159873.466814,please look at my face
279,000279,1710159873.5399196,please look at my face
280,000280,1710159873.5976877,please look at my face
281,000281,1710159873.6951592,please look at my face
282,000282,1710159873.7682955,please look at my face
283,000283,1710159873.827629,please look at my face
284,000284,1710159873.9034925,please look at my face
285,000285,1710159873.9800165,please look at my face
286,000286,1710159874.0689018,please look at my face
287,000287,1710159874.1736386,please look at my face
288,000288,1710159874.2317436,please look at my face
289,000289,1710159874.2978408,please look at my face
290,000290,1710159874.3700695,please look at my face
291,000291,1710159874.4473703,please look at my face
292,000292,1710159874.5296412,please look at my face
293,000293,1710159874.591887,please look at my face
294,000294,1710159874.7000778,please look at my face
295,000295,1710159874.7663634,please look at my face
296,000296,1710159874.837221,please look at my face
297,000297,1710159874.8978071,please look at my face
298,000298,1710159874.9583344,please look at my face
299,000299,1710159875.030123,please look at my face
300,000300,1710159875.0971198,please look at my face
301,000301,1710159875.2073665,please look at my face
302,000302,1710159875.282746,please look at my face
303,000303,1710159875.3654177,please look at my face
304,000304,1710159875.456186,please look at my face
305,000305,1710159875.5298595,please look at my face
306,000306,1710159875.5976055,please look at my face
307,000307,1710159875.8251746,please look at my face
308,000308,1710159875.9381206,please look at my face
309,000309,1710159876.0052726,please look at my face
310,000310,1710159876.106576,please look at my face
311,000311,1710159876.1926374,please look at my face
312,000312,1710159876.2818203,please look at my face
313,000313,1710159876.368309,please look at my face
314,000314,1710159876.4396858,please look at my face
315,000315,1710159876.5111518,please look at my face
316,000316,1710159876.592686,please look at my face
317,000317,1710159876.6939065,please look at my face
318,000318,1710159876.7639482,please look at my face
319,000319,1710159876.8405678,please look at my face
320,000320,1710159876.9058454,please look at my face
321,000321,1710159876.9561322,please look at my face
322,000322,1710159877.046446,please look at my face
323,000323,1710159877.126191,please look at my face
324,000324,1710159877.1946719,please look at my face
325,000325,1710159877.292805,please look at my face
326,000326,1710159877.3689108,please look at my face
327,000327,1710159877.4517267,please look at my face
328,000328,1710159877.5315723,please look at my face
329,000329,1710159877.5947447,please look at my face
330,000330,1710159877.6982834,please look at my face
331,000331,1710159877.7623165,please look at my face
332,000332,1710159877.8282914,please look at my face
333,000333,1710159877.8937635,please look at my face
334,000334,1710159877.9618394,please look at my face
335,000335,1710159878.0562317,please look at my face
336,000336,1710159878.1223874,please look at my tablet
337,000337,1710159878.1978178,please look at my tablet
338,000338,1710159878.38352,please look at my tablet
339,000339,1710159878.5882828,please look at my tablet
340,000340,1710159878.793871,please look at my tablet
341,000341,1710159878.9980965,please look at my tablet
342,000342,1710159879.087706,please look at my tablet
343,000343,1710159879.1761649,please look at my tablet
344,000344,1710159879.3056657,please look at my tablet
345,000345,1710159879.3785343,please look at my tablet
346,000346,1710159879.4855993,please look at my tablet
347,000347,1710159879.5560029,please look at my tablet
348,000348,1710159879.6279418,please look at my tablet
349,000349,1710159879.697515,please look at my tablet
350,000350,1710159879.7561777,please look at my tablet
351,000351,1710159879.8366685,please look at my tablet
352,000352,1710159879.898786,please look at my tablet
353,000353,1710159879.9604313,please look at my tablet
354,000354,1710159880.0385096,please look at my tablet
355,000355,1710159880.109639,please look at my tablet
356,000356,1710159880.2050464,please look at my tablet
357,000357,1710159880.2777615,please look at my tablet
358,000358,1710159880.36083,please look at my tablet
359,000359,1710159880.4604876,please look at my tablet
360,000360,1710159880.5357964,please look at my tablet
361,000361,1710159880.600927,please look at my tablet
362,000362,1710159880.6757393,please look at my tablet
363,000363,1710159880.728825,please look at my tablet
364,000364,1710159880.7963085,please look at my tablet
365,000365,1710159880.8579578,please look at my tablet
366,000366,1710159880.9719708,please look at my tablet
367,000367,1710159881.024444,please look at my tablet
368,000368,1710159881.093242,please look at my tablet
369,000369,1710159881.1554513,please look at my tablet
370,000370,1710159881.2278366,please look at my tablet
371,000371,1710159881.3214166,please look at my tablet
372,000372,1710159881.393558,please look at my tablet
373,000373,1710159881.4757957,please look at my tablet
374,000374,1710159881.5458252,please look at my tablet
375,000375,1710159881.6302226,please look at my tablet
376,000376,1710159881.7020433,please look at my tablet
377,000377,1710159881.758676,please look at my tablet
378,000378,1710159881.831803,please look at my tablet
379,000379,1710159881.9289238,please look at my tablet
380,000380,1710159881.993494,please look at my tablet
381,000381,1710159882.072579,please look at my tablet
382,000382,1710159882.179424,please look at my tablet
383,000383,1710159882.2907946,please look at my tablet
384,000384,1710159882.365483,please look at my tablet
385,000385,1710159882.5860624,please look at my tablet
386,000386,1710159882.7890155,please look at my tablet
387,000387,1710159882.8644996,please look at my tablet
388,000388,1710159882.9563034,please look at my tablet
389,000389,1710159883.03475,please look at my tablet
390,000390,1710159883.0955026,please look at my tablet
391,000391,1710159883.1585846,please look at my tablet
392,000392,1710159883.22607,please look at my tablet
393,000393,1710159883.3014712,please look at my tablet
394,000394,1710159883.3713493,please look at my tablet
395,000395,1710159883.46012,please look at my tablet
396,000396,1710159883.539798,please look at my tablet
397,000397,1710159883.5948622,please look at my tablet
398,000398,1710159883.705667,please look at my tablet
399,000399,1710159883.7770445,please look at my left elbow
400,000400,1710159883.9028313,please look at my left elbow
401,000401,1710159883.989713,please look at my left elbow
402,000402,1710159884.0674517,please look at my left elbow
403,000403,1710159884.1432767,please look at my left elbow
404,000404,1710159884.2422729,please look at my left elbow
405,000405,1710159884.4302573,please look at my left elbow
406,000406,1710159884.5102403,please look at my left elbow
407,000407,1710159884.597589,please look at my left elbow
408,000408,1710159884.6811755,please look at my left elbow
409,000409,1710159884.7592158,please look at my left elbow
410,000410,1710159884.821239,please look at my left elbow
411,000411,1710159884.8925998,please look at my left elbow
412,000412,1710159884.9658928,please look at my left elbow
413,000413,1710159885.0304468,please look at my left elbow
414,000414,1710159885.097385,please look at my left elbow
415,000415,1710159885.1542356,please look at my left elbow
416,000416,1710159885.229696,please look at my left elbow
417,000417,1710159886.1852708,please look at my left elbow
418,000418,1710159886.2702997,please look at my left elbow
419,000419,1710159886.3323762,please look at my left elbow
420,000420,1710159886.3943834,please look at my left elbow
421,000421,1710159886.477026,please look at my left elbow
422,000422,1710159886.5594242,please look at my left elbow
423,000423,1710159886.6191814,please look at my left elbow
424,000424,1710159886.7242553,please look at my left elbow
425,000425,1710159886.7896178,please look at my left elbow
426,000426,1710159886.8548203,please look at my left elbow
427,000427,1710159886.9691098,please look at my left elbow
428,000428,1710159887.0340388,please look at my left elbow
429,000429,1710159887.098254,please look at my left elbow
430,000430,1710159887.168002,please look at my left elbow
431,000431,1710159887.2312376,please look at my left elbow
432,000432,1710159887.2999358,please look at my left elbow
433,000433,1710159887.3620899,please look at my left elbow
434,000434,1710159887.4146168,please look at my left elbow
435,000435,1710159887.4878688,please look at my left elbow
436,000436,1710159887.562134,please look at my left elbow
437,000437,1710159887.6217933,please look at my left elbow
438,000438,1710159887.8052607,please look at my left elbow
439,000439,1710159888.1139975,please look at my left elbow
440,000440,1710159888.2243025,please look at my left elbow
441,000441,1710159888.292224,please look at my left elbow
442,000442,1710159888.3725722,please look at my left elbow
443,000443,1710159888.4281101,please look at my left elbow
444,000444,1710159888.4948654,please look at my left elbow
445,000445,1710159888.5606036,please look at my left elbow
446,000446,1710159888.629833,please look at my left elbow
447,000447,1710159888.7458355,please look at my left elbow
448,000448,1710159888.8320417,please look at my left elbow
449,000449,1710159888.908029,please look at my left elbow
450,000450,1710159888.9944892,please look at my left elbow
451,000451,1710159889.0601873,please look at my left elbow
452,000452,1710159889.122845,please look at my left elbow
453,000453,1710159889.200057,please look at my left elbow
454,000454,1710159889.2832212,please look at my left elbow
455,000455,1710159889.3602352,please look at my left elbow
456,000456,1710159889.428042,please look at my left elbow
457,000457,1710159889.514127,please look at my left elbow
458,000458,1710159889.5872774,please look at my left elbow
459,000459,1710159889.6553822,please look at my left elbow
460,000460,1710159889.7211523,please look at my left elbow
461,000461,1710159889.7995226,please look at my left elbow
462,000462,1710159889.8608046,please look at my left elbow
463,000463,1710159889.9585078,please look at my left elbow
464,000464,1710159890.0181828,please look at my left elbow
465,000465,1710159890.1145062,please look at my right elbow
466,000466,1710159890.2220263,please look at my right elbow
467,000467,1710159890.3173518,please look at my right elbow
468,000468,1710159890.4004533,please look at my right elbow
469,000469,1710159890.50019,please look at my right elbow
470,000470,1710159890.5689015,please look at my right elbow
471,000471,1710159890.64171,please look at my right elbow
472,000472,1710159890.9786568,please look at my right elbow
473,000473,1710159891.0618496,please look at my right elbow
474,000474,1710159891.1833189,please look at my right elbow
475,000475,1710159891.2524104,please look at my right elbow
476,000476,1710159891.321723,please look at my right elbow
477,000477,1710159891.389751,please look at my right elbow
478,000478,1710159891.4912283,please look at my right elbow
479,000479,1710159891.5628304,please look at my right elbow
480,000480,1710159891.619218,please look at my right elbow
481,000481,1710159891.6814618,please look at my right elbow
482,000482,1710159891.7542024,please look at my right elbow
483,000483,1710159891.8165333,please look at my right elbow
484,000484,1710159891.8996694,please look at my right elbow
485,000485,1710159891.9937432,please look at my right elbow
486,000486,1710159892.047567,please look at my right elbow
487,000487,1710159892.1215405,please look at my right elbow
488,000488,1710159892.1886432,please look at my right elbow
489,000489,1710159892.2524254,please look at my right elbow
490,000490,1710159892.330503,please look at my right elbow
491,000491,1710159892.4249036,please look at my right elbow
492,000492,1710159892.4919567,please look at my right elbow
493,000493,1710159892.5505779,please look at my right elbow
494,000494,1710159892.6185188,please look at my right elbow
495,000495,1710159892.68634,please look at my right elbow
496,000496,1710159892.7675147,please look at my right elbow
497,000497,1710159892.8260696,please look at my right elbow
498,000498,1710159892.9054773,please look at my right elbow
499,000499,1710159892.9821908,please look at my right elbow
500,000500,1710159893.050389,please look at my right elbow
501,000501,1710159893.1409135,please look at my right elbow
502,000502,1710159893.2235935,please look at my right elbow
503,000503,1710159893.293777,please look at my right elbow
504,000504,1710159893.372447,please look at my right elbow
505,000505,1710159893.4547133,please look at my right elbow
506,000506,1710159893.5492873,please look at my right elbow
507,000507,1710159893.624238,please look at my right elbow
508,000508,1710159893.6937435,please look at my right elbow
509,000509,1710159893.754675,please look at my right elbow
510,000510,1710159893.8252227,please look at my right elbow
511,000511,1710159893.8986783,please look at my right elbow
512,000512,1710159893.9854722,please look at my right elbow
513,000513,1710159894.053287,please look at my right elbow
514,000514,1710159894.15353,please look at my right elbow
515,000515,1710159894.2124002,please look at my right elbow
516,000516,1710159894.2881355,please look at my right elbow
517,000517,1710159894.3525057,please look at my right elbow
518,000518,1710159894.4215062,please look at my right elbow
519,000519,1710159894.490019,please look at my right elbow
520,000520,1710159894.5565019,please look at my right elbow
521,000521,1710159894.6227603,please look at my right elbow
522,000522,1710159894.6859176,please look at my right elbow
523,000523,1710159894.7554734,please look at my right elbow
524,000524,1710159894.8316844,please look at my right elbow
525,000525,1710159894.9625068,please look at my right elbow
526,000526,1710159895.0228074,please look at my right elbow
527,000527,1710159895.0873132,please look at my right elbow
528,000528,1710159895.156989,please look at my right elbow
529,000529,1710159895.2161508,please look at my right elbow
530,000530,1710159895.2916722,please look at my right elbow
531,000531,1710159895.3592033,please look at my right elbow
532,000532,1710159895.4190407,please look at my right elbow
533,000533,1710159895.4880633,please look at my right elbow
534,000534,1710159895.552233,please look at my right elbow
535,000535,1710159895.6159687,please look at my right elbow
536,000536,1710159895.694648,please look at my right elbow
537,000537,1710159895.7624807,please look at my right elbow
538,000538,1710159895.8327682,please look at my right elbow
539,000539,1710159895.936144,
540,000540,1710159896.0283864,
541,000541,1710159896.0973725,
542,000542,1710159896.1978574,
543,000543,1710159896.2544093,
544,000544,1710159896.3240228,
545,000545,1710159896.4184632,
546,000546,1710159896.7131138,
547,000547,1710159896.7846966,
548,000548,1710159896.849632,
549,000549,1710159896.9308066,
550,000550,1710159896.9901068,
551,000551,1710159897.0552332,
552,000552,1710159897.1440768,
553,000553,1710159897.212579,
554,000554,1710159897.2791123,
555,000555,1710159897.3495564,
556,000556,1710159897.4307115,
557,000557,1710159897.4936988,
558,000558,1710159897.5620818,
559,000559,1710159897.6231427,
560,000560,1710159897.6816554,
561,000561,1710159897.7596817,
562,000562,1710159897.8250875,
563,000563,1710159897.8894951,
564,000564,1710159898.005092,
565,000565,1710159898.0805395,
566,000566,1710159898.1590629,
567,000567,1710159898.3523993,
568,000568,1710159898.4495068,
569,000569,1710159898.5561488,
570,000570,1710159898.6225677,
571,000571,1710159898.702504,
572,000572,1710159898.783,
573,000573,1710159898.858567,
574,000574,1710159898.964937,
575,000575,1710159899.0166197,
576,000576,1710159899.0942178,
577,000577,1710159899.1546206,
578,000578,1710159899.2457633,
579,000579,1710159899.3381648,
580,000580,1710159899.421666,
581,000581,1710159899.4971402,
582,000582,1710159899.570412,
583,000583,1710159899.6493227,
584,000584,1710159899.7861888,
585,000585,1710159899.8546448,
586,000586,1710159899.9210207,
587,000587,1710159899.989711,
588,000588,1710159900.0477834,
589,000589,1710159900.131157,
590,000590,1710159900.22199,
591,000591,1710159900.280308,
592,000592,1710159900.3533955,
593,000593,1710159900.4183884,
594,000594,1710159900.4893537,
595,000595,1710159900.5552,
596,000596,1710159900.6127667,
597,000597,1710159900.6824439,
598,000598,1710159900.7523754,
599,000599,1710159900.8116288,
600,000600,1710159900.8890898,
601,000601,1710159900.9633188,
602,000602,1710159901.0405118,
603,000603,1710159901.1152334,
604,000604,1710159901.180333,
605,000605,1710159901.2551467,
606,000606,1710159901.3220944,
607,000607,1710159901.4146008,
608,000608,1710159901.4803092,
609,000609,1710159901.561323,
610,000610,1710159901.6206517,
611,000611,1710159901.6805398,
612,000612,1710159901.7724407,
613,000613,1710159901.863465,
614,000614,1710159901.971894,
615,000615,1710159902.046342,
616,000616,1710159902.1150835,
617,000617,1710159902.1906924,
618,000618,1710159902.2505121,
619,000619,1710159902.3235052,
620,000620,1710159902.3802056,
621,000621,1710159902.4537275,
622,000622,1710159902.5773103,
623,000623,1710159902.6696408,
624,000624,1710159902.7532544,
625,000625,1710159902.8330717,
626,000626,1710159902.9279194,
627,000627,1710159902.9846084,
628,000628,1710159903.0538895,
629,000629,1710159903.1123881,
630,000630,1710159903.2077098,
631,000631,1710159903.286633,
632,000632,1710159903.3565843,
633,000633,1710159903.4194167,
634,000634,1710159903.4780743,
635,000635,1710159903.5612836,
636,000636,1710159903.6205091,
637,000637,1710159903.6849415,
638,000638,1710159903.7527585,
639,000639,1710159903.8182192,
640,000640,1710159903.88629,
641,000641,1710159903.952486,
642,000642,1710159904.0129228,
643,000643,1710159904.0816905,
644,000644,1710159904.1479144,
645,000645,1710159904.2905917,
646,000646,1710159904.3476496,
647,000647,1710159904.4217794,
648,000648,1710159904.4766905,
649,000649,1710159904.5463085,
650,000650,1710159904.625325,
651,000651,1710159904.6751132,
652,000652,1710159904.753318,
653,000653,1710159904.8280828,
654,000654,1710159904.8843763,
655,000655,1710159904.9490995,
656,000656,1710159905.0138388,
657,000657,1710159905.0897193,
658,000658,1710159905.1570182,
659,000659,1710159905.256489,
660,000660,1710159905.3152082,
661,000661,1710159905.382333,
662,000662,1710159905.4433398,
663,000663,1710159905.5215049,
664,000664,1710159905.5788167,
665,000665,1710159905.6489866,
666,000666,1710159905.747233,
667,000667,1710159905.8193471,
668,000668,1710159905.8774085,
669,000669,1710159905.9521136,
670,000670,1710159906.0321805,
671,000671,1710159906.1151466,
672,000672,1710159906.1810317,
673,000673,1710159906.2501194,
674,000674,1710159906.3171647,
675,000675,1710159906.3842707,
676,000676,1710159906.4545858,
677,000677,1710159906.5345201,
678,000678,1710159906.6152537,
679,000679,1710159906.6806223,
680,000680,1710159906.7505324,
681,000681,1710159906.8125226,
682,000682,1710159906.8715756,
683,000683,1710159906.956422,
684,000684,1710159907.012925,
685,000685,1710159907.0807135,
686,000686,1710159907.1711404,
687,000687,1710159907.2531223,
688,000688,1710159907.3563528,
689,000689,1710159907.4304438,
690,000690,1710159907.516166,
691,000691,1710159907.581112,
692,000692,1710159907.650379,
693,000693,1710159907.7736251,
694,000694,1710159907.8593876,
695,000695,1710159907.9253116,
696,000696,1710159908.0191257,
697,000697,1710159908.0971591,
698,000698,1710159908.1816328,
699,000699,1710159908.2472837,
700,000700,1710159908.320446,
701,000701,1710159908.3844326,
702,000702,1710159908.4536915,
703,000703,1710159908.5449264,
704,000704,1710159908.6298156,
705,000705,1710159908.725645,please look at my head camera
706,000706,1710159908.7850852,please look at my head camera
707,000707,1710159908.8457627,please look at my head camera
708,000708,1710159908.9119635,please look at my head camera
709,000709,1710159909.0224102,please look at my head camera
710,000710,1710159909.09065,please look at my head camera
711,000711,1710159909.1581225,please look at my head camera
712,000712,1710159909.255426,please look at my head camera
713,000713,1710159909.3410153,please look at my head camera
714,000714,1710159909.4137547,please look at my head camera
715,000715,1710159909.511486,please look at my head camera
716,000716,1710159909.579739,please look at my head camera
717,000717,1710159909.6542666,please look at my head camera
718,000718,1710159909.821174,please look at my head camera
719,000719,1710159909.8831508,please look at my head camera
720,000720,1710159909.9604526,please look at my head camera
721,000721,1710159910.025315,please look at my head camera
722,000722,1710159910.0798872,please look at my head camera
723,000723,1710159910.158362,please look at my head camera
724,000724,1710159910.2503116,please look at my head camera
725,000725,1710159910.3320997,please look at my head camera
726,000726,1710159910.41387,please look at my head camera
727,000727,1710159910.538497,please look at my head camera
728,000728,1710159910.6111534,please look at my head camera
729,000729,1710159910.678084,please look at my head camera
730,000730,1710159910.7567801,please look at my head camera
731,000731,1710159910.8134484,please look at my head camera
732,000732,1710159910.88269,please look at my head camera
733,000733,1710159910.9613676,please look at my head camera
734,000734,1710159911.0484524,please look at my head camera
735,000735,1710159911.122327,please look at my head camera
736,000736,1710159911.1875653,please look at my head camera
737,000737,1710159911.2562165,please look at my head camera
738,000738,1710159911.3456123,please look at my head camera
739,000739,1710159911.4137225,please look at my head camera
740,000740,1710159911.5146964,please look at my head camera
741,000741,1710159911.582481,please look at my head camera
742,000742,1710159911.6427183,please look at my head camera
743,000743,1710159911.7204823,please look at my head camera
744,000744,1710159911.7851124,please look at my head camera
745,000745,1710159911.8555198,please look at my head camera
746,000746,1710159911.9560232,please look at my head camera
747,000747,1710159912.008874,please look at my head camera
748,000748,1710159912.0770965,please look at my head camera
749,000749,1710159912.153977,please look at my head camera
750,000750,1710159912.211939,please look at my head camera
751,000751,1710159912.2962685,please look at my head camera
752,000752,1710159912.3889697,please look at my head camera
753,000753,1710159912.445367,please look at my head camera
754,000754,1710159912.5340624,please look at my head camera
755,000755,1710159912.609296,please look at my head camera
756,000756,1710159912.6819315,please look at my head camera
757,000757,1710159912.7562096,please look at my face 
758,000758,1710159912.8399189,please look at my face 
759,000759,1710159912.9311619,please look at my face 
760,000760,1710159913.0977106,please look at my face 
761,000761,1710159913.3017564,please look at my face 
762,000762,1710159913.3829086,please look at my face 
763,000763,1710159913.445577,please look at my face 
764,000764,1710159913.5299685,please look at my face 
765,000765,1710159913.645789,please look at my face 
766,000766,1710159913.7489612,please look at my face 
767,000767,1710159913.813421,please look at my face 
768,000768,1710159913.8702478,please look at my face 
769,000769,1710159913.9408545,please look at my face 
770,000770,1710159914.0274656,please look at my face 
771,000771,1710159914.2236574,please look at my face 
772,000772,1710159914.4279497,please look at my face 
773,000773,1710159914.6328943,please look at my face 
774,000774,1710159914.8389885,please look at my face 
775,000775,1710159914.9301682,please look at my face 
776,000776,1710159915.0109572,please look at my face 
777,000777,1710159915.0954237,please look at my face 
778,000778,1710159915.1808407,please look at my face 
779,000779,1710159915.350399,please look at my face 
780,000780,1710159915.4064887,please look at my face 
781,000781,1710159915.488398,please look at my face 
782,000782,1710159915.5628142,please look at my face 
783,000783,1710159915.6494963,please look at my face 
784,000784,1710159915.720267,please look at my face 
785,000785,1710159915.7824278,please look at my face 
786,000786,1710159915.8402548,please look at my face 
787,000787,1710159915.9180334,please look at my face 
788,000788,1710159916.0195823,please look at my face 
789,000789,1710159916.0783677,please look at my face 
790,000790,1710159916.143779,please look at my face 
791,000791,1710159916.2053168,please look at my face 
792,000792,1710159916.2841487,please look at my face 
793,000793,1710159916.3705235,please look at my face 
794,000794,1710159916.439115,please look at my face 
795,000795,1710159916.5204418,please look at my face 
796,000796,1710159916.5833037,please look at my face 
797,000797,1710159916.6456978,please look at my face 
798,000798,1710159916.7198265,please look at my face 
799,000799,1710159916.7897491,please look at my face 
800,000800,1710159916.8750434,please look at my face 
801,000801,1710159916.9498682,please look at my face 
802,000802,1710159917.0144823,please look at my face 
803,000803,1710159917.0741537,please look at my face 
804,000804,1710159917.1570368,please look at my face 
805,000805,1710159917.205137,please look at my face 
806,000806,1710159917.3203647,please look at my face 
807,000807,1710159917.3850362,please look at my face 
808,000808,1710159917.4425087,please look at my face 
809,000809,1710159917.5277407,please look at my face 
810,000810,1710159917.6113722,please look at my face 
811,000811,1710159917.6787477,please look at my face 
812,000812,1710159917.7731616,please look at my face 
813,000813,1710159917.845586,please look at my face 
814,000814,1710159917.905948,please look at my face 
815,000815,1710159917.9866982,please look at my face 
816,000816,1710159918.0529652,please look at my face 
817,000817,1710159918.1170058,please look at my face 
818,000818,1710159918.175917,please look at my face 
819,000819,1710159918.2774575,please look at my face 
820,000820,1710159918.3584304,please look at my face 
821,000821,1710159918.4446805,please look at my face 
822,000822,1710159918.5223298,please look at my face 
823,000823,1710159918.613979,please look at my face 
824,000824,1710159918.6830478,please look at my face 
825,000825,1710159918.780436,please look at my tablet
826,000826,1710159918.8394496,please look at my tablet
827,000827,1710159919.0361571,please look at my tablet
828,000828,1710159919.1444705,please look at my tablet
829,000829,1710159919.214679,please look at my tablet
830,000830,1710159919.2764714,please look at my tablet
831,000831,1710159919.352015,please look at my tablet
832,000832,1710159919.4593837,please look at my tablet
833,000833,1710159919.5486958,please look at my tablet
834,000834,1710159919.6154113,please look at my tablet
835,000835,1710159919.6790745,please look at my tablet
836,000836,1710159919.7760353,please look at my tablet
837,000837,1710159919.845694,please look at my tablet
838,000838,1710159919.9263463,please look at my tablet
839,000839,1710159920.003201,please look at my tablet
840,000840,1710159920.0764997,please look at my tablet
841,000841,1710159920.145378,please look at my tablet
842,000842,1710159920.2024503,please look at my tablet
843,000843,1710159920.2805417,please look at my tablet
844,000844,1710159920.350169,please look at my tablet
845,000845,1710159920.4215064,please look at my tablet
846,000846,1710159920.501375,please look at my tablet
847,000847,1710159920.5701065,please look at my tablet
848,000848,1710159920.6422932,please look at my tablet
849,000849,1710159920.717769,please look at my tablet
850,000850,1710159920.788476,please look at my tablet
851,000851,1710159920.8441823,please look at my tablet
852,000852,1710159920.918175,please look at my tablet
853,000853,1710159920.9760978,please look at my tablet
854,000854,1710159921.0498824,please look at my tablet
855,000855,1710159921.1184735,please look at my tablet
856,000856,1710159921.1747801,please look at my tablet
857,000857,1710159921.2913363,please look at my tablet
858,000858,1710159921.3707514,please look at my tablet
859,000859,1710159921.4423983,please look at my tablet
860,000860,1710159921.508054,please look at my tablet
861,000861,1710159921.57602,please look at my tablet
862,000862,1710159921.6466804,please look at my tablet
863,000863,1710159921.7139637,please look at my tablet
864,000864,1710159921.7737231,please look at my tablet
865,000865,1710159921.8572164,please look at my tablet
866,000866,1710159921.9378822,please look at my tablet
867,000867,1710159922.0367339,please look at my tablet
868,000868,1710159922.1326737,please look at my tablet
869,000869,1710159922.2176285,please look at my tablet
870,000870,1710159922.2711656,please look at my tablet
871,000871,1710159922.3466954,please look at my tablet
872,000872,1710159922.4059122,please look at my tablet
873,000873,1710159922.4814596,please look at my tablet
874,000874,1710159922.5611386,please look at my tablet
875,000875,1710159922.6437826,please look at my tablet
876,000876,1710159922.7081168,please look at my tablet
877,000877,1710159922.7759342,please look at my tablet
878,000878,1710159922.8794386,please look at my tablet
879,000879,1710159922.9469018,please look at my tablet
880,000880,1710159923.0401623,please look at my tablet
881,000881,1710159923.1110742,please look at my tablet
882,000882,1710159923.2092712,please look at my tablet
883,000883,1710159923.271603,please look at my tablet
884,000884,1710159923.3365827,please look at my tablet
885,000885,1710159923.410691,please look at my tablet
886,000886,1710159923.4769979,please look at my tablet
887,000887,1710159923.5653834,please look at my tablet
888,000888,1710159923.6440253,please look at my tablet
889,000889,1710159923.7077837,please look at my tablet
890,000890,1710159923.7721524,please look at my tablet
891,000891,1710159923.8422856,please look at my tablet
892,000892,1710159923.9141886,please look at my tablet
893,000893,1710159923.987015,please look at my tablet
894,000894,1710159924.066231,please look at my tablet
895,000895,1710159924.13472,please look at my tablet
896,000896,1710159924.2421498,please look at my tablet
897,000897,1710159924.3099148,please look at my tablet
898,000898,1710159924.383882,please look at my tablet
899,000899,1710159924.440762,please look at my tablet
900,000900,1710159924.5668278,please look at my left elbow
901,000901,1710159924.6461759,please look at my left elbow
902,000902,1710159924.7202907,please look at my left elbow
903,000903,1710159924.8059976,please look at my left elbow
904,000904,1710159924.8796132,please look at my left elbow
905,000905,1710159925.1805816,please look at my left elbow
906,000906,1710159925.3851807,please look at my left elbow
907,000907,1710159925.5897357,please look at my left elbow
908,000908,1710159925.6727583,please look at my left elbow
909,000909,1710159925.7829459,please look at my left elbow
910,000910,1710159925.848172,please look at my left elbow
911,000911,1710159925.9356256,please look at my left elbow
912,000912,1710159926.0422728,please look at my left elbow
913,000913,1710159926.1209106,please look at my left elbow
914,000914,1710159926.2096837,please look at my left elbow
915,000915,1710159926.2741425,please look at my left elbow
916,000916,1710159926.3490987,please look at my left elbow
917,000917,1710159926.4099643,please look at my left elbow
918,000918,1710159926.476421,please look at my left elbow
919,000919,1710159926.54651,please look at my left elbow
920,000920,1710159926.608542,please look at my left elbow
921,000921,1710159926.671548,please look at my left elbow
922,000922,1710159926.7439888,please look at my left elbow
923,000923,1710159926.8216717,please look at my left elbow
924,000924,1710159926.9189765,please look at my left elbow
925,000925,1710159927.0046425,please look at my left elbow
926,000926,1710159927.075817,please look at my left elbow
927,000927,1710159927.1311004,please look at my left elbow
928,000928,1710159927.2085578,please look at my left elbow
929,000929,1710159927.2792053,please look at my left elbow
930,000930,1710159927.3563201,please look at my left elbow
931,000931,1710159927.4376478,please look at my left elbow
932,000932,1710159927.547691,please look at my left elbow
933,000933,1710159927.6146958,please look at my left elbow
934,000934,1710159927.6751795,please look at my left elbow
935,000935,1710159927.7370214,please look at my left elbow
936,000936,1710159927.8021398,please look at my left elbow
937,000937,1710159927.8657882,please look at my left elbow
938,000938,1710159927.9511073,please look at my left elbow
939,000939,1710159928.0468984,please look at my left elbow
940,000940,1710159928.1097717,please look at my left elbow
941,000941,1710159928.186191,please look at my left elbow
942,000942,1710159928.2671134,please look at my left elbow
943,000943,1710159928.351572,please look at my left elbow
944,000944,1710159928.5176702,please look at my left elbow
945,000945,1710159929.1102328,please look at my left elbow
946,000946,1710159929.1725261,please look at my left elbow
947,000947,1710159929.232495,please look at my left elbow
948,000948,1710159929.3065012,please look at my left elbow
949,000949,1710159929.3680673,please look at my left elbow
950,000950,1710159929.4367943,please look at my left elbow
951,000951,1710159929.545002,please look at my left elbow
952,000952,1710159929.614696,please look at my left elbow
953,000953,1710159929.6717148,please look at my left elbow
954,000954,1710159929.7327456,please look at my left elbow
955,000955,1710159929.851222,please look at my left elbow
956,000956,1710159929.902165,please look at my left elbow
957,000957,1710159929.9863162,please look at my left elbow
958,000958,1710159930.0762165,please look at my left elbow
959,000959,1710159930.1757214,please look at my left elbow
960,000960,1710159930.2654514,please look at my right elbow
961,000961,1710159930.600984,please look at my right elbow
962,000962,1710159930.6714745,please look at my right elbow
963,000963,1710159930.7347221,please look at my right elbow
964,000964,1710159930.8430872,please look at my right elbow
965,000965,1710159930.9014769,please look at my right elbow
966,000966,1710159930.989614,please look at my right elbow
967,000967,1710159931.076381,please look at my right elbow
968,000968,1710159931.1441565,please look at my right elbow
969,000969,1710159931.201284,please look at my right elbow
970,000970,1710159931.2687483,please look at my right elbow
971,000971,1710159931.3254514,please look at my right elbow
972,000972,1710159931.435832,please look at my right elbow
973,000973,1710159931.5315986,please look at my right elbow
974,000974,1710159931.598391,please look at my right elbow
975,000975,1710159931.6662757,please look at my right elbow
976,000976,1710159931.7435932,please look at my right elbow
977,000977,1710159931.8333948,please look at my right elbow
978,000978,1710159931.902763,please look at my right elbow
979,000979,1710159931.976525,please look at my right elbow
980,000980,1710159932.032787,please look at my right elbow
981,000981,1710159932.1062307,please look at my right elbow
982,000982,1710159932.179969,please look at my right elbow
983,000983,1710159932.266214,please look at my right elbow
984,000984,1710159932.3391967,please look at my right elbow
985,000985,1710159932.4023902,please look at my right elbow
986,000986,1710159932.4729316,please look at my right elbow
987,000987,1710159932.5320523,please look at my right elbow
988,000988,1710159932.6253932,please look at my right elbow
989,000989,1710159932.6987524,please look at my right elbow
990,000990,1710159932.7734425,please look at my right elbow
991,000991,1710159932.8321877,please look at my right elbow
992,000992,1710159932.9028146,please look at my right elbow
993,000993,1710159932.9797704,please look at my right elbow
994,000994,1710159933.033975,please look at my right elbow
995,000995,1710159933.1025136,please look at my right elbow
996,000996,1710159933.1816015,please look at my right elbow
997,000997,1710159933.2631068,please look at my right elbow
998,000998,1710159933.3326063,please look at my right elbow
999,000999,1710159933.4059417,please look at my right elbow
1000,001000,1710159933.4747608,please look at my right elbow
1001,001001,1710159933.5287132,please look at my right elbow
1002,001002,1710159933.6162295,please look at my right elbow
1003,001003,1710159933.6946182,please look at my right elbow
1004,001004,1710159933.8001773,please look at my right elbow
1005,001005,1710159933.8689532,please look at my right elbow
1006,001006,1710159933.9315977,please look at my right elbow
1007,001007,1710159934.0360153,please look at my right elbow
1008,001008,1710159934.1076772,please look at my right elbow
1009,001009,1710159934.1796308,please look at my right elbow
1010,001010,1710159934.2404408,please look at my right elbow
1011,001011,1710159934.3048327,please look at my right elbow
1012,001012,1710159934.3805072,please look at my right elbow
1013,001013,1710159934.4419553,please look at my right elbow
1014,001014,1710159934.530612,please look at my right elbow
1015,001015,1710159934.602416,please look at my right elbow
1016,001016,1710159934.6641042,please look at my right elbow
1017,001017,1710159934.7343562,please look at my right elbow
1018,001018,1710159934.8036716,please look at my right elbow
1019,001019,1710159934.8593733,please look at my right elbow
1020,001020,1710159934.9283829,please look at my right elbow
1021,001021,1710159935.1138794,please look at my right elbow
1022,001022,1710159935.212398,please look at my right elbow
1023,001023,1710159935.3005815,please look at my right elbow
1024,001024,1710159935.3698575,please look at my right elbow
1025,001025,1710159935.4310293,please look at my right elbow
1026,001026,1710159935.4946952,please look at my right elbow
1027,001027,1710159935.5746763,please look at my right elbow
1028,001028,1710159935.640325,please look at my right elbow
1029,001029,1710159935.6979983,please look at my right elbow
1030,001030,1710159935.8344705,please look at my right elbow
1031,001031,1710159935.901794,please look at my right elbow
1032,001032,1710159935.9870074,please look at my right elbow
1033,001033,1710159936.0676775,
1034,001034,1710159936.1278994,
1035,001035,1710159936.3429623,
1036,001036,1710159936.443057,
1037,001037,1710159936.6498237,
1038,001038,1710159936.8543603,
1039,001039,1710159936.9301848,
1040,001040,1710159937.0252357,
1041,001041,1710159937.0923107,
1042,001042,1710159937.1930118,
1043,001043,1710159937.2968361,
1044,001044,1710159937.380909,
1045,001045,1710159937.4622154,
1046,001046,1710159937.5271492,
1047,001047,1710159937.6198149,
1048,001048,1710159937.6975834,
1049,001049,1710159937.8780794,
1050,001050,1710159938.0362945,
1051,001051,1710159938.0960927,
1052,001052,1710159938.161885,
1053,001053,1710159938.2289872,
1054,001054,1710159938.301632,
1055,001055,1710159938.3907871,
1056,001056,1710159938.461309,
1057,001057,1710159938.5312474,
1058,001058,1710159938.6987877,
1059,001059,1710159938.903287,
1060,001060,1710159938.965577,
1061,001061,1710159939.0363448,
1062,001062,1710159939.0985014,
1063,001063,1710159939.1688166,
1064,001064,1710159939.2494678,
1065,001065,1710159939.3282025,
1066,001066,1710159939.5168726,
1067,001067,1710159939.61876,
1068,001068,1710159939.7190895,
1069,001069,1710159939.926882,
1070,001070,1710159940.0376835,
1071,001071,1710159940.105327,
1072,001072,1710159940.1703706,
1073,001073,1710159940.2425435,
1074,001074,1710159940.3148777,
1075,001075,1710159940.440316,
1076,001076,1710159940.4983406,
1077,001077,1710159940.5694108,
1078,001078,1710159940.6266575,
1079,001079,1710159940.6929862,
1080,001080,1710159940.7617636,
1081,001081,1710159940.8252797,
1082,001082,1710159940.9024463,
1083,001083,1710159940.9658496,
1084,001084,1710159941.0581315,
1085,001085,1710159941.1319253,
1086,001086,1710159941.2261643,
1087,001087,1710159941.4628532,
1088,001088,1710159941.6676428,
1089,001089,1710159941.73144,
1090,001090,1710159941.8721492,
1091,001091,1710159941.9353206,
1092,001092,1710159942.0765336,
1093,001093,1710159942.281212,
1094,001094,1710159942.3620293,
1095,001095,1710159942.4355845,
1096,001096,1710159942.4977543,
1097,001097,1710159942.5846522,
1098,001098,1710159942.6594894,
1099,001099,1710159942.7313917,
1100,001100,1710159942.7951126,
1101,001101,1710159942.8657184,
1102,001102,1710159942.9357243,
1103,001103,1710159943.1022527,
1104,001104,1710159943.1639483,
1105,001105,1710159943.2436478,
1106,001106,1710159943.341708,
1107,001107,1710159943.4330676,
1108,001108,1710159943.5261838,
1109,001109,1710159943.7152722,
1110,001110,1710159943.9194148,
1111,001111,1710159944.0311158,
1112,001112,1710159944.0876422,
1113,001113,1710159944.162458,
1114,001114,1710159944.231471,
1115,001115,1710159944.293827,
1116,001116,1710159944.3575907,
1117,001117,1710159944.443803,
1118,001118,1710159944.523394,
1119,001119,1710159944.5910897,
1120,001120,1710159944.6596491,
1121,001121,1710159944.7249184,
1122,001122,1710159944.8415306,
1123,001123,1710159944.9339592,
1124,001124,1710159945.041304,
1125,001125,1710159945.0960455,
1126,001126,1710159945.1772356,
1127,001127,1710159945.2649677,
1128,001128,1710159945.3273752,
1129,001129,1710159945.424849,
1130,001130,1710159945.4968972,
1131,001131,1710159945.5706472,
1132,001132,1710159945.6452649,
1133,001133,1710159945.7247217,
1134,001134,1710159945.8245864,
1135,001135,1710159945.8920262,
1136,001136,1710159945.9645512,
1137,001137,1710159946.0633657,
1138,001138,1710159946.1213036,
1139,001139,1710159946.2195916,
1140,001140,1710159946.3787692,
1141,001141,1710159946.466388,
1142,001142,1710159946.5617468,
1143,001143,1710159947.059681,
1144,001144,1710159947.1224074,
1145,001145,1710159947.2200007,
1146,001146,1710159947.3348296,
1147,001147,1710159947.3986487,
1148,001148,1710159947.457075,
1149,001149,1710159947.528477,
1150,001150,1710159947.621815,
1151,001151,1710159947.6946275,
1152,001152,1710159947.7606003,
1153,001153,1710159947.8250096,
1154,001154,1710159947.9088047,
1155,001155,1710159948.2231553,
1156,001156,1710159948.4278185,
1157,001157,1710159948.5117242,
1158,001158,1710159948.620541,
1159,001159,1710159948.691952,
1160,001160,1710159948.7650232,
1161,001161,1710159948.8481522,
1162,001162,1710159948.9466648,
1163,001163,1710159949.011521,
1164,001164,1710159949.0984683,
1165,001165,1710159949.181237,
1166,001166,1710159949.263751,
1167,001167,1710159949.3250897,
1168,001168,1710159949.4308627,
1169,001169,1710159949.4959438,
1170,001170,1710159949.554768,
1171,001171,1710159949.6443422,
1172,001172,1710159949.725304,
1173,001173,1710159949.826686,
1174,001174,1710159949.8950818,
1175,001175,1710159949.9716523,
1176,001176,1710159950.057501,
